-- Insert product
INSERT INTO PRODUCT (product_number, product_name, scrum_master, product_owner, start_date, methodology)
VALUES (1, 'Product A', 'John Doe', 'Jane Smith', '2021-01-01', 'AGILE'), (2, 'Product B', 'John Doe', 'Peter Brown', '2021-03-15', 'WATERFALL'), (3, 'Product C', 'Bob Johnson', 'Alice Wang', '2021-05-01', 'AGILE'), (4, 'Product D', 'Emily Chen', 'David Kim', '2021-06-01', 'WATERFALL'), (5, 'Product E', 'Michael Lee', 'Amy Lee', '2021-07-01', 'AGILE'),(6, 'Product F', 'Michael Lee', 'Kevin Lee', '2021-08-01', 'WATERFALL'), (7, 'Product G', 'Richard Park', 'Karen Kim', '2021-09-01', 'WATERFALL'),(8, 'Product H', 'Steven Lee', 'Grace Kim', '2021-10-01', 'AGILE'),(9, 'Product I', 'Samantha Smith', 'Daniel Lee', '2021-11-01', 'WATERFALL'),
(10, 'Product J', 'John Doe', 'Olivia Lee', '2021-12-01', 'WATERFALL'), (11, 'Product K', 'Alice Smith', 'Thomas Kim', '2021-01-15', 'AGILE'), (12, 'Product L', 'Robert Brown', 'Emily Wilson', '2021-02-20', 'AGILE'), (13, 'Product M', 'Nancy White', 'Diana Lee', '2021-04-12', 'WATERFALL'), (14, 'Product N', 'Jeffrey Lee', 'Martin Lee', '2021-05-22', 'AGILE'), (15, 'Product O', 'Annie Kim', 'Lucas Smith', '2021-08-05', 'WATERFALL'), (16, 'Product P', 'Oliver Johnson', 'Charlie Brown', '2021-09-20', 'AGILE'), (17, 'Product Q', 'Sophia Lee', 'Matthew Wilson', '2021-10-10', 'WATERFALL'), (18, 'Product R', 'Isabella Park', 'Ella Kim', '2021-11-12', 'WATERFALL'), 
(19, 'Product S', 'Daniel Brown', 'Evelyn Brown', '2021-12-05', 'AGILE'), (20, 'Product T', 'William Lee', 'Liam Johnson', '2021-07-15', 'AGILE'), (21, 'Product U', 'James Smith', 'Mason Smith', '2021-06-20', 'WATERFALL'), (22, 'Product V', 'Benjamin Kim', 'Ava Lee', '2021-08-30', 'AGILE'), (23, 'Product W', 'Lucas Johnson', 'Emma Brown', '2021-09-25', 'WATERFALL'), (24, 'Product X', 'Henry Lee', 'Sophia Park', '2021-11-20', 'AGILE'), (25, 'Product Y', 'Alexander White', 'Amelia Wilson', '2021-12-15', 'AGILE'),
(26, 'Product Z', 'Sebastian Kim', 'Harper Brown', '2022-01-10', 'WATERFALL'), (27, 'Product AA', 'Jack Smith', 'Ella Lee', '2022-02-15', 'AGILE'), (28, 'Product AB', 'Luke Johnson', 'Avery Johnson', '2022-03-05', 'WATERFALL'), (29, 'Product AC', 'Wyatt Wilson', 'Scarlett Smith', '2022-04-20', 'AGILE'), (30, 'Product AD', 'Ivan Kim', 'Luna Lee', '2022-05-25', 'WATERFALL');

-- Insert developers
INSERT INTO DEVELOPER (id, developer_name)
VALUES (1, 'Dev A'),(2, 'Dev B'),(3, 'Dev C'),(4, 'Dev D'),(5, 'Dev E'),(6, 'Dev F'),(7, 'Dev G'),(8, 'Dev H'),(9, 'Dev I'),(10, 'Dev J'),(11, 'Dev K'),(12, 'Dev L'),(13, 'Dev M'),(14, 'Dev N'),(15, 'Dev O'),(16, 'Dev P'),(17, 'Dev Q'),(18, 'Dev R'),(19, 'Dev S'),(20, 'Dev T'), (21, 'Dev U'), (22, 'Dev V'), (23, 'Dev W'), (24, 'Dev X'), (25, 'Dev Y'), (26, 'Dev Z'), (27, 'Dev AA'), (28, 'Dev AB'), (29, 'Dev AC'), (30, 'Dev AD');

-- Insert relationships into product_developer
INSERT INTO product_developer (product_number, developer_id)
VALUES (1, 1), (1, 2), (1, 3), (1, 4), (1, 5), (2, 6), (3,7), (4, 8), (4, 9), (4, 10), (5, 1),(5, 3),(5, 5),(5, 7), (6, 1), (6,3), (7 ,2), (8,3), (9,9), (10, 6), (11, 11), (11, 12), (11, 13), (11, 14), (11, 15), (12, 16), (13, 17), (14, 18), (14, 19), (14, 20), (15, 11), (15, 13), (15, 15), (15, 17), (16, 11), (16, 13), (17, 12), (18, 13), (19, 19), (20, 16), (21, 21), (21, 22), (21, 23), (21, 24), (21, 25), (22, 26), (23, 27), (24, 28), (25, 29), (26, 30), (27, 11), (27, 13), (27, 15), (27, 17), (28, 11), (28, 13), (29, 12), (30, 13);